{
  "run_label": "main_10layer_ptrue_fullval",
  "checkpoints": [
    {
      "checkpoint": "checkpoints/model_t_l10_mby_NB_intersection_pTrue_s0_best.pt",
      "checkpoint_spec": {
        "num_layers": 10,
        "split_mode": "by_NB_intersection",
        "train_all_permutations": true,
        "seed": 0,
        "selection": "best"
      },
      "split_summary": {
        "mode": "by_NB_intersection",
        "sample_counts": {
          "train": 115780,
          "val": 1831,
          "test": 2017
        },
        "heldout_value_counts": {
          "val_Ns": 100,
          "test_Ns": 100,
          "val_Bs": 5,
          "test_Bs": 5
        },
        "heldout_value_fractions": {
          "val_Ns": 0.1,
          "test_Ns": 0.1,
          "val_Bs": 0.1724137931034483,
          "test_Bs": 0.1724137931034483
        },
        "heldout_values": {
          "val_Ns": [
            6,
            34,
            35,
            48,
            54,
            61,
            81,
            98,
            109,
            124,
            128,
            137,
            147,
            152,
            160,
            219,
            230,
            231,
            236,
            237,
            243,
            250,
            260,
            261,
            269,
            272,
            290,
            302,
            320,
            349,
            354,
            359,
            370,
            389,
            391,
            392,
            399,
            415,
            434,
            439,
            465,
            470,
            486,
            499,
            502,
            503,
            507,
            508,
            514,
            517,
            521,
            530,
            543,
            549,
            552,
            559,
            576,
            584,
            588,
            591,
            606,
            621,
            636,
            657,
            658,
            661,
            674,
            703,
            709,
            710,
            719,
            728,
            729,
            738,
            754,
            763,
            764,
            782,
            784,
            786,
            793,
            796,
            832,
            835,
            839,
            853,
            871,
            874,
            875,
            894,
            908,
            910,
            914,
            951,
            953,
            968,
            969,
            975,
            979,
            989
          ],
          "test_Ns": [
            21,
            25,
            29,
            44,
            45,
            52,
            55,
            68,
            69,
            87,
            90,
            94,
            108,
            113,
            114,
            116,
            123,
            125,
            139,
            144,
            168,
            175,
            201,
            217,
            263,
            270,
            273,
            275,
            283,
            295,
            301,
            303,
            304,
            321,
            329,
            330,
            339,
            352,
            356,
            368,
            372,
            390,
            398,
            402,
            422,
            437,
            450,
            471,
            473,
            477,
            479,
            484,
            511,
            513,
            538,
            539,
            562,
            566,
            567,
            595,
            599,
            623,
            628,
            634,
            638,
            646,
            653,
            660,
            668,
            671,
            698,
            706,
            730,
            739,
            743,
            745,
            753,
            762,
            769,
            781,
            783,
            798,
            804,
            815,
            826,
            850,
            855,
            861,
            885,
            918,
            930,
            933,
            944,
            945,
            957,
            977,
            985,
            987,
            995,
            999
          ],
          "val_Bs": [
            10,
            11,
            13,
            22,
            30
          ],
          "test_Bs": [
            5,
            6,
            19,
            23,
            28
          ]
        }
      },
      "discovery_parameters": {
        "discover_split": "val",
        "eval_split": "test",
        "discover_max_examples": 0,
        "discovery_sample_seed": 20260517,
        "n_discovery_examples_used": 1831,
        "eval_max_examples": 0,
        "batch_size": 128,
        "drop_threshold": 0.02,
        "relative_increment_fraction": 0.2,
        "plateau_patience": 2
      },
      "required_depth_by_destination": {
        "N_tag": 6,
        "N_hundreds": 6,
        "N_tens": 7,
        "N_ones": 9,
        "B_tag": 0,
        "B_tens": 0,
        "B_ones": 4,
        "D_tag": 0,
        "D_ones": 8,
        "O[0]": 9,
        "O[1]": 9
      },
      "sparsity": {
        "candidate_relations": 79,
        "retained_relations": 22,
        "retained_relation_fraction": 0.27848101265822783,
        "candidate_layer_edges": 500,
        "retained_layer_edges": 106,
        "retained_layer_edge_fraction": 0.212
      },
      "metrics": [
        {
          "variant": "discover_clean_validation",
          "n_examples": 1831,
          "exact_answer_accuracy": 0.9874385581649372,
          "o0_token_accuracy": 0.9929000546149646,
          "o1_token_accuracy": 0.9901693063899508,
          "max_forbidden_attn_weight": 0.0
        },
        {
          "variant": "eval_clean_test",
          "n_examples": 2017,
          "exact_answer_accuracy": 0.9950421417947447,
          "o0_token_accuracy": 0.9995042141794744,
          "o1_token_accuracy": 0.9950421417947447,
          "max_forbidden_attn_weight": 0.0
        },
        {
          "variant": "eval_kept_only_test",
          "n_examples": 2017,
          "exact_answer_accuracy": 0.9082796232027764,
          "o0_token_accuracy": 0.9524045612295489,
          "o1_token_accuracy": 0.9350520575111552,
          "max_forbidden_attn_weight": 0.0
        }
      ]
    },
    {
      "checkpoint": "checkpoints/model_t_l10_mby_NB_intersection_pTrue_s42_best.pt",
      "checkpoint_spec": {
        "num_layers": 10,
        "split_mode": "by_NB_intersection",
        "train_all_permutations": true,
        "seed": 42,
        "selection": "best"
      },
      "split_summary": {
        "mode": "by_NB_intersection",
        "sample_counts": {
          "train": 114982,
          "val": 2482,
          "test": 2164
        },
        "heldout_value_counts": {
          "val_Ns": 100,
          "test_Ns": 100,
          "val_Bs": 5,
          "test_Bs": 5
        },
        "heldout_value_fractions": {
          "val_Ns": 0.1,
          "test_Ns": 0.1,
          "val_Bs": 0.1724137931034483,
          "test_Bs": 0.1724137931034483
        },