metric,n_seeds,mean,std_across_seeds,bootstrap_resamples,bootstrap_seed,ci95_low_bootstrap_percentile,ci95_high_bootstrap_percentile
exact_answer_accuracy,3,0.9983473805982482,0.0028624207694081393,100000,20260517,0.9950421417947447,1.0
o0_token_accuracy,3,0.9998347380598248,0.0002862420769408332,100000,20260517,0.9995042141794744,1.0
o1_token_accuracy,3,0.9983473805982482,0.0028624207694081393,100000,20260517,0.9950421417947447,1.0
