metric,n_seeds,mean,std_across_seeds,bootstrap_resamples,bootstrap_seed,ci95_low_bootstrap_percentile,ci95_high_bootstrap_percentile
exact_answer_accuracy,1,0.9989229940764675,0.0,100000,20260517,0.9989229940764675,0.9989229940764675
o0_token_accuracy,1,0.9994614970382337,0.0,100000,20260517,0.9994614970382337,0.9994614970382337
o1_token_accuracy,1,0.9989229940764675,0.0,100000,20260517,0.9989229940764675,0.9989229940764675
