target,target_label,features,n_seeds,mean_cv_r2,ci95_low_bootstrap_percentile,ci95_high_bootstrap_percentile
BpowD,B^D,raw_N_B_D,3,0.2501753523664956,0.16237522541518112,0.3450586700525438
NdivBpowD,N / B^D,raw_N_B_D,3,0.4982073081131588,0.38542184658232986,0.5614031556288158
floorNdivBpowD,floor(N / B^D),raw_N_B_D,3,0.4981397587085952,0.38544363313427343,0.5612709935000382
floorNdivBpowD_modB,floor(N / B^D) mod B,raw_N_B_D,3,0.32810864002146267,0.28335490377408834,0.3661541388252749
