{
  "analysis_slug": "03_dones_to_output_attention_ablation",
  "run_label": "companion_5layer_ptrue_fulltest",
  "device": "cpu",
  "max_examples": 0,
  "batch_size": 128,
  "bootstrap_seed": 20260517,
  "bootstrap_resamples": 100000,
  "checkpoints": [
    {
      "checkpoint": "checkpoints/model_t_l5_mby_NB_intersection_pTrue_s1337_best.pt",
      "checkpoint_spec": {
        "num_layers": 5,
        "split_mode": "by_NB_intersection",
        "train_all_permutations": true,
        "seed": 1337,
        "selection": "best"
      },
      "split_summary": {
        "mode": "by_NB_intersection",
        "sample_counts": {
          "train": 115951,
          "val": 1820,
          "test": 1857
        },
        "heldout_value_counts": {
          "val_Ns": 100,
          "test_Ns": 100,
          "val_Bs": 5,
          "test_Bs": 5
        },
        "heldout_value_fractions": {
          "val_Ns": 0.1,
          "test_Ns": 0.1,
          "val_Bs": 0.1724137931034483,
          "test_Bs": 0.1724137931034483
        },
        "heldout_values": {
          "val_Ns": [
            1,
            4,
            9,
            22,
            50,
            72,
            77,
            88,
            100,
            101,
            103,
            108,
            114,
            123,
            130,
            164,
            168,
            170,
            182,
            191,
            207,
            214,
            215,
            239,
            253,
            256,
            270,
            284,
            289,
            295,
            300,
            310,
            332,
            339,
            345,
            378,
            379,
            393,
            399,
            410,
            429,
            433,
            457,
            482,
            489,
            492,
            507,
            509,
            510,
            511,
            515,
            521,
            522,
            526,
            530,
            543,
            592,
            596,
            600,
            610,
            612,
            618,
            624,
            628,
            646,
            655,
            674,
            690,
            703,
            721,
            727,
            732,
            737,
            745,
            775,
            777,
            780,
            782,
            800,
            827,
            834,
            845,
            848,
            861,
            863,
            870,
            894,
            905,
            908,
            911,
            914,
            915,
            931,
            948,
            950,
            965,
            974,
            975,
            981,
            997
          ],
          "test_Ns": [
            3,
            11,
            49,
            59,
            61,
            67,
            76,
            79,
            81,
            85,
            89,
            96,
            99,
            115,
            122,
            124,
            127,
            129,
            140,
            143,
            145,
            150,
            172,
            176,
            181,
            186,
            195,
            203,
            220,
            229,
            235,
            237,
            240,
            246,
            257,
            273,
            278,
            286,
            298,
            309,
            311,
            349,
            353,
            359,
            384,
            385,
            386,
            391,
            416,
            422,
            423,
            434,
            455,
            461,
            469,
            475,
            490,
            494,
            498,
            524,
            529,
            544,
            545,
            581,
            586,
            588,
            640,
            677,
            680,
            700,
            711,
            733,
            740,
            742,
            748,
            757,
            759,
            784,
            785,
            795,
            797,
            811,
            842,
            846,
            849,
            874,
            879,
            889,
            892,
            896,
            897,
            898,
            903,
            935,
            955,
            963,
            984,
            993,
            994,
            999
          ],
          "val_Bs": [
            8,
            18,
            21,
            23,
            29
          ],
          "test_Bs": [
            6,
            14,
            20,
            24,
            25
          ]
        }
      }
    }
  ]
}